会社名,ロゴファイル名,URL

株式会社サンリオエンターテイメント ハーモニーランド,SponserLogo/image14.png,https://www.harmonyland.jp/
大分デバイステクノロジー株式会社,SponserLogo/image12.png,https://www.odt.co.jp
大分自動車学校,SponserLogo/image17.png,https://www.oita-ds.co.jp
大分エージェンシー株式会社,SponserLogo/image26.png,https://www.oita-agency.jp/
エスティケイテクノロジー株式会社,SponserLogo/image47.png,https://www.stk-net.co.jp/
株式会社ザイナス,SponserLogo/image28.png,https://zynas.co.jp/
株式会社江藤製作所,SponserLogo/image45.jpg,https://etoss.co.jp/
大分県自動車学校,SponserLogo/image21.png,http://www.oitakends.jp/
株式会社アストソイル,SponserLogo/image33.png,https://astsoil.co.jp
株式会社テック・エンジニアリング,SponserLogo/image13.png,https://tec-engineer.jp/
新電力おおいた株式会社,SponserLogo/image32.jpg,https://pps-oita.jp/
西日本コンサルタント株式会社,SponserLogo/image46.png,https://www.nishicon.co.jp/
株式会社ジョイフル,SponserLogo/image40.jpg,https://www.joyfull.co.jp/
学習塾ペガサス明野教室,SponserLogo/image25.png,https://www.pegasus-akeno.com/
亀の井自動車学校・鶴崎校,SponserLogo/image15.png,https://kamenoi.co.jp/
医療法人あんどう小児科,SponserLogo/image18.png,https://www.ando-shonika.com/
大分県護国神社,SponserLogo/image19.png,https://www.oita-gokoku.jp/wp/
医療法人大場整形外科,SponserLogo/image20.png,https://www.ohba-clinic.jp/
角栄建設工業株式会社,SponserLogo/image22.png,https://kakueikk.com/
株式会社三和プレス,SponserLogo/image27.png,https://www.big-advance.site/c/207/1617
大分運転免許スクール,SponserLogo/image52.gif,https://menkyo-kamenoi.jp/campaign/
クローバー歯科,SponserLogo/image30.png,https://clover-oita.com/
こば健康クリニック,SponserLogo/image31.png,https://kobaclinic.com/
ooitaCharms HAIR,SponserLogo/image34.png,https://charms-hair.jp/
水之江薬局,SponserLogo/image37.png,
HAIRROOM GOTO,SponserLogo/image38.png,
つけ麺・らー麺はぐるま,SponserLogo/image39.png,
ボン・マリアージュ,SponserLogo/image41.png,https://bon-mari.com/
中華料理 王府,SponserLogo/image42.png,
柳井電機工業株式会社,SponserLogo/image48.jpg,https://www.yanaidenki.co.jp/
ultra high prity,SponserLogo/image49.jpg,https://uh-purity.co.jp/
塩塚建設株式会社,SponserLogo/image50.png,https://shiozuka.com/company/
城島高原パーク,SponserLogo/image51.png,https://www.kijimakogen-park.jp/

